Rank,Niche,Visual Appeal,Cover Appeal,Pinterest Appeal,Coloring Enjoyment,Series Potential,Expansion Potential,Competition Opportunity,AI Generation Stability,Total Score,Strengths,Weaknesses,Expansion Opportunities,Estimated Series Potential
1,Cozy Witch's Cottage,5,5,5,5,5,5,4,5,39,"Single coherent world; cottagecore + fantasy crossover; objects/interiors/plants generate clean line art; evergreen with Halloween upside","Witch theme slightly seasonal-leaning; must avoid edgy/occult tone to stay cozy","Library, apothecary, kitchen, garden, familiars, seasons, witch's market","12+ volumes (one per room/season/familiar)"
2,Moonlit Tea House,5,5,5,5,4,4,5,5,38,"Serene, highly pinnable; lanterns/teaware/architecture render beautifully; thin quality competition","Series runway slightly narrower than a full 'world'","Seasons, regions (Japanese/English/Moroccan tea houses), tea garden, night market","8-10 volumes"
3,Enchanted Library,5,5,5,4,4,5,4,5,37,"Books/shelves/ladders/lamps are AI-stable and detailed; strong cozy aspirational pull","Risk of repetitive shelf compositions; needs deliberate variety","Magical bookshops, archives, reading nooks, seasons, scriptorium","10+ volumes"
4,Magical Greenhouse,5,4,5,5,4,4,4,5,36,"Plants + glass architecture = rich detail and great open coloring spaces; very pinnable","Cover can read 'generic botanical' if not styled distinctively","Seasonal greenhouses, terrariums, botanical apothecary, conservatory","8-10 volumes"
5,Fairy Garden World,5,5,5,4,5,4,4,4,36,"Beloved evergreen theme; whimsical and highly shareable; broad audience","Fairy figures (anatomy) can break in AI — keep fairies small/scenic","Seasons, mushroom houses, garden creatures, fairy village, ponds","10+ volumes"
6,Cozy Fantasy Village,5,5,4,4,5,5,4,4,36,"Wide world with huge expansion runway; charming architecture","Wide shots risk clutter and small coloring spaces; needs zoom-in pages","Shops, seasons, harbor village, mountain village, festivals","12+ volumes"
7,Mushroom Village,5,4,5,5,4,4,4,5,36,"Mushroom houses are charming, distinctive, AI-stable; great coloring shapes","Narrower aesthetic; can feel samey without scene variety","Seasons, mushroom forest, gnome market, fairy crossover","8 volumes"
8,Enchanted Terrarium,5,4,5,5,3,4,5,5,36,"Self-contained miniature worlds; superb open coloring spaces; low competition","Series potential narrower (variations on a vessel)","Themed terrariums (desert, ocean, forest, galaxy), seasons","6-8 volumes"
9,Japanese Fantasy Shrine,5,5,4,4,4,4,4,4,34,"Striking architecture (torii, lanterns, koi); distinctive and elegant","Cultural authenticity required; risk of cliche if careless","Seasons (sakura/maple/snow), shrine garden, festival, yokai-lite","8-10 volumes"
10,Cozy Dragon Sanctuary,5,5,4,4,4,4,4,3,33,"Dragons-as-pets is charming and on-trend-evergreen; strong covers","Dragon anatomy less AI-stable; keep dragons sleeping/curled for clean lines","Baby dragons, seasons, dragon library, dragon tea house crossover","8 volumes"
