Page Number,Page Title,Scene Description,Main Objects,Difficulty Level,Composition Type,Visual Focus,Unique Feature
1,The Library Key,"An ornate iron key with a tasseled tag resting on a small velvet cushion",Key; tassel; tag; cushion,Easy,Single Hero Object,The intricate key,Opens the series motif of unlocking a world
2,A Single Spellbook,"One closed ornate spellbook with a metal clasp and a crescent-moon emblem",Spellbook; clasp; moon emblem; ribbon,Easy,Single Hero Object,The book's decorated cover,Crescent moon motif on the cover (series glue)
3,The Reading Lamp,"A brass desk lamp glowing over an open blank book on a small table",Desk lamp; open book; table; glow lines,Easy,Vignette,The pool of lamplight,Glow drawn as soft radiating lines (no black)
4,The Bookmark Ribbon,"A book held open by a long tasseled bookmark with a pressed flower tucked inside",Book; tasseled bookmark; pressed flower,Easy,Single Hero Object,The flowing ribbon,Blank pages left open for personal coloring
5,Cat Among Books,"The cottage cat familiar curled asleep on a small stack of books",Cat; book stack; a feather; a candle stub,Easy,Character-as-scenery,The sleeping cat,Recurring cat familiar (outline only, no black fur)
6,Quill and Inkpot,"A feather quill resting in an inkpot beside a blank sheet of paper",Quill; inkpot; paper; a drop of ink,Easy,Vignette,The elegant quill,Paper left blank (no text); writing motif begins
7,A Stack of Books,"A neat leaning stack of books with a steaming teacup balanced on top",Book stack; teacup; saucer; steam,Easy,Single Hero Object,The cozy stack,Steaming teacup motif (series glue)
8,The Candle Sconce,"A wrought-iron wall sconce holding a lit candle with a trailing ivy vine",Sconce; candle; ivy; flame swirls,Easy,Single Hero Object,The decorative sconce,Flame as decorative line swirls, never black
9,Owl on the Shelf,"The owl familiar perched between two leaning books on a shelf",Owl; books; bookends; a small lantern,Easy,Character-as-scenery,The watchful owl,Recurring owl familiar (outline only)
10,The Globe,"A small world globe on a carved wooden stand beside a magnifying glass",Globe; stand; magnifying glass,Easy,Single Hero Object,The round globe,Continents drawn as gentle outlines for coloring
11,A Scroll Unrolled,"A partially unrolled blank scroll weighted with a wax seal and a candle",Scroll; wax seal; candle; cord,Light,Vignette,The curling scroll,Scroll surface blank (no text) for the colorist
12,The Window Seat,"A cushioned window seat piled with books, a teacup, and a crescent moon outside",Window seat; cushions; books; teacup; moon,Light,Vignette,The cozy reading seat,Crescent moon motif; closes Chapter 1
13,The Card Catalog,"A small bank of wooden catalog drawers with blank labels and tiny pulls",Catalog drawers; pulls; blank labels; a cat tail,Light,Vignette,The grid of little drawers,Repeating drawers create gentle pattern; labels blank
14,Shelf of Atlases,"A shelf of oversized atlases beside a rolled map and a brass compass",Atlases; rolled map; compass; bookends,Light,Vignette,The row of large books,Map and compass introduce the cartography thread
15,The Reading Nook,"A wingback armchair, a side table with a lamp, and a stack of books",Armchair; side table; lamp; book stack; throw,Light,Establishing Scene,The inviting armchair,Cozy nook with open floor space to color
16,Floating Books,"A few open books drifting gently in the air with small sparkle marks",Floating books; loose pages; sparkles,Light,Vignette,The drifting books,Whimsical magic; pages fanned open and blank
17,The Ladder Rail,"A rolling library ladder leaning against a shelf with the cat climbing it",Rolling ladder; shelf; books; cat,Light,Character-as-scenery,The diagonal ladder,Recurring cat; strong diagonal composition
18,The Potion-Stained Desk,"A study desk with ink bottles, an open book, and a magnifying glass",Bottles; open book; magnifying glass; quill,Light,Vignette,The cluttered desk corner,Bottles tie the library to the apothecary world
19,The Stained Glass Window,"An arched stained-glass window with outlined leaded panes and a potted plant",Arched window; leaded panes; plant; sill,Light,Vignette,The patterned window,Leaded panes give satisfying distinct shapes; no color
20,The Map Table,"A round table with an unrolled blank map, a compass, and a lit candle",Map; compass; candle; weights,Light,Establishing Scene,The spread map,Map surface blank for invented coloring
21,Moonlit Shelf,"A bookshelf at night with a crescent moon and outlined stars through a gap",Shelf; books; crescent moon; stars; curtain,Medium,Vignette,The moon between the books,Night shown via moon and star outlines, never black fill
22,The Familiar's Nook,"The cat and owl resting together among books with a teacup nearby",Cat; owl; books; teacup; candle,Medium,Character-as-scenery,The two familiars together,Recurring familiars share one cozy scene
23,Stack of Curiosities,"A stack of books topped with a crystal, a feather, and a candle in a jar",Books; crystal; feather; candle jar,Medium,Vignette,The eclectic little tower,Crystal motif; varied objects for detailed coloring
24,The Tea and Book Tray,"A tray with a teapot, a cup, and an open book set on a side table",Tray; teapot; cup; open book; spoon,Medium,Establishing Scene,The cozy tea tray,Teapot motif; crossover hint to the Tea House volume
25,Hanging Lanterns,"A row of hanging lanterns strung above a small reading table",Lanterns; cord; reading table; book; chair,Medium,Pattern/Border Scene,The rhythm of lanterns,Lantern motif; gentle repeating-yet-varied pattern
26,The Archive Door,"An arched wooden door ajar, revealing the deeper book stacks beyond",Arched door; stacks; lantern; vines,Medium,Establishing Scene,The doorway into the stacks,Opens the deeper library; closes Chapter 2
27,The Towering Stacks,"Tall library shelves with a leaning ladder and deep receding perspective",Tall shelves; ladder; books; lamp,Detailed,Establishing Scene,The soaring shelves,Deep perspective; central aisle kept open
28,The Spiral Book Tower,"A spiral staircase wrapped with bookshelves climbing up a tower",Spiral stairs; shelves; books; lanterns; cat,Detailed,Establishing Scene,The winding tower of books,Strong spiral; recurring cat ascending
29,The Grand Reading Table,"A long reading table laid with open books, lamps, scrolls, and chairs",Long table; books; lamps; scrolls; chairs,Detailed,Establishing Scene,The communal table,Rich layering with open tabletop areas
30,The Cartographer's Corner,"A corner crowded with maps, globes, a telescope, and brass instruments",Maps; globes; telescope; instruments,Detailed,Vignette,The instruments of mapping,Map-room thread deepens; many small details
31,The Greenhouse Library,"Bookshelves entwined with climbing plants beside a tall paned window",Shelves; climbing plants; window; watering can,Detailed,Establishing Scene,Books among the greenery,Crossover to the Greenhouse; foliage + open panes
32,The Familiar Gathering,"The cat, owl, and raven together among books, candles, and a globe",Cat; owl; raven; books; candles; globe,Detailed,Character-as-scenery,The three familiars,Raven joins the cast; all outline-only
33,The Scriptorium,"Rows of slanted writing desks with open books, quills, and candles",Slanted desks; open books; quills; candles,Detailed,Establishing Scene,The line of writing desks,Repeating desks with breathable spacing; pages blank
34,The Crystal Reading Lamp,"An ornate lamp dripping with hanging crystals over a book-strewn desk",Crystal lamp; desk; books; inkpot,Detailed,Vignette,The light through crystals,Crystal motif; rays as fine radiating lines
35,The Restricted Shelf,"A locked glass cabinet of special tomes wrapped with a chain and vines",Glass cabinet; tomes; chain; vines; lock,Detailed,Vignette,The mysterious cabinet,Cozy-mysterious, not scary; decorative chain & vines
36,The Story Whirl,"Books spiraling upward in a whirl of loose pages and small outlined stars",Spiraling books; pages; stars; sparkles,Detailed,Vignette,The upward swirl of pages,Whimsical motion; stars motif; lots of flow lines
37,The Lantern-Lit Aisle,"A long aisle of shelves lit by hanging lanterns receding into the distance",Aisle; shelves; lanterns; books; cat,Detailed,Establishing Scene,The glowing receding aisle,Lantern glow as line halos; strong depth
38,The Window Wall of Books,"Floor-to-ceiling shelves framing a tall window where cats lounge",Shelves; tall window; cats; plants; ladder,Detailed,Establishing Scene,The wall of books around light,Multiple cats; window structures the composition
39,The Map Room,"Walls covered in framed maps around a central table with a globe",Wall maps; table; globe; chairs; compass,Detailed,Establishing Scene,The room of maps,Map-room payoff; framed maps as patterned panels
40,The Librarian's Desk,"A grand desk with a stamp, ledgers, a lamp, the owl, and a teacup",Desk; stamp; ledgers; lamp; owl; teacup,Detailed,Vignette,The keeper's workspace,Owl and teacup motifs; ledgers blank; closes Chapter 3
41,The Grand Library at Night,"A towering two-story library by moonlight with ladders, lamps, and the cat",Two-story shelves; ladders; lamps; moon; cat,Masterpiece,Establishing Scene,The soaring moonlit hall,Signature showpiece; night via outlines, never black
42,The Infinite Stacks,"Impossibly tall shelves vanishing upward with books drifting between them",Endless shelves; floating books; ladders; lamps,Masterpiece,Establishing Scene,The vertigo of endless books,Dramatic upward perspective; floating-book whimsy
43,The Library Cross-Section,"A cutaway of a multi-floor library: reading room, archive, map room, tower",Reading room; archive; map room; tower; stairs,Masterpiece,Cross-Section / Cutaway,The whole library revealed,Signature cutaway; every motif appears somewhere
44,The Midnight Reading Room,"A cozy hall with a fireplace, armchairs, a huge moon window, and familiars",Fireplace; armchairs; moon window; cats; owl,Masterpiece,Establishing Scene,The warm midnight hall,Moon + familiars; flames as line swirls
45,The Celestial Atlas,"An enormous open atlas spread with outlined constellations and instruments",Open atlas; constellations; compass; orrery,Masterpiece,Pattern/Border Scene,The vast star-mapped pages,Constellations as fine star-and-line detail; pages blank
46,The Astronomer's Tower,"A domed tower study with a telescope and star charts under an outlined sky",Telescope; star charts; domed window; stars; owl,Masterpiece,Establishing Scene,The telescope to the stars,Stars/moon motif; sky shown by outlines only
47,The Feast of Books,"A grand table piled with books, teapots, candles, and the gathered familiars",Table; book piles; teapots; candles; familiars,Masterpiece,Establishing Scene,The abundant book feast,Richest still life; teapot/candle motifs; all familiars
48,The Library in the Tree,"An entire library built into a colossal tree under a crescent moon",Great tree; shelves; ladders; lanterns; moon,Masterpiece,Establishing Scene,The library-tree in its world,Cover-worthy establishing scene; crescent moon motif
49,The Great Grimoire,"A massive ornate open book filling the page with a border, vines, and moths",Open grimoire; ornate border; vines; moths; symbols,Masterpiece,Pattern/Border Scene,The lavish open spread,Decorative border masterpiece; invented symbols; blank
50,The Heart of the Library,"The ultimate reading hall uniting every motif: hearth, familiars, moon, books",Hearth; cats; owl; raven; moon window; teacups; books,Masterpiece,Establishing Scene,Everything the journey built,Grand finale uniting every recurring motif
